,0,1,2,3,4,5,6,7,8,9,10,11,12,13,14,15,16,17,18,19,20,21,22,23,24,25,26,27,28,29,0
0,-0.1873589713055533,1.2246652161751195,0.30451713875654407,0.5473619071169832,2.055201569847567,-0.2260253964230348,-2.266055692715668,1.9975144096543986,-0.11966706273061185,-0.17746102211545925,1.9043754924048668,0.607081698897161,-0.17599535483987278,-0.7599176096681329,-1.9593216105481046,0.013090650671555074,-0.6336615389601925,-0.07031449580288132,1.4093064855881037,0.49895220348291996,1.5956628966910356,0.44828174397230425,1.6872842692470889,1.673539897291489,-0.5684593073246953,1.669128828172638,-0.2660801501992264,-1.5127348397571079,0.2502884769922676,-0.1275711394557108,502.4091373925662
1,0.688438909983281,-1.7424681023573367,0.2339362287086336,0.7044913308281131,1.5343748677176288,-1.2370332304898202,0.44660318036873103,1.222630986705706,-0.6110591308510549,-0.08368303212518252,-0.7347092725827351,-1.3600960295845503,0.21385547734603988,-0.1066068259141671,1.8945229313639693,2.0048285675279307,-2.3186824746712498,0.7052793971021235,0.9180678003605438,0.9942323729448843,0.23444786005691337,-0.15642127308761256,-0.7797077412110378,0.2841199280724455,-0.8355203776090433,-2.2924526797837173,-0.7193212626273818,0.7217998662620456,0.14605201876976895,0.3095293913418195,-265.1492425140708
2,-0.46700937849815943,-0.44284395460094167,1.6367674494041375,-0.3154484550291555,-0.08182239675609848,0.9553713150864709,-0.29937748046285095,0.8525060508063653,0.2937652795411169,-0.10430955950096439,-0.6447559406908644,0.8871178882818475,0.4654219481911455,0.163532417945833,-0.2632805112158455,-0.8428668641359007,0.2691905678048879,0.027725349607043325,0.5229569307410012,2.1208903419651883,-0.09578487570390108,-0.5365719532563431,-1.1631000459098713,-0.8556160170184401,-0.13742681070014565,0.6954079603206237,0.6924987097810453,-2.0449039257046433,-0.07581360692786127,0.4739033449936742,-6.242562578409373
3,1.2962292842031007,-1.3537085944658358,0.4299215979222404,-0.10745163678651988,-0.251763396729391,-0.06124142742012526,-0.5517384695778562,1.113565317533013,0.17812308065988772,-0.4520157886441309,0.07134501135103274,0.14958308407722654,-0.18504730131459593,-1.551880723724689,-0.7880126609579218,1.114620073396863,-0.8690612243237282,0.14573237470374864,0.905779519375271,-0.18729918041670401,2.6404566567913283,-0.21045803754617493,0.38903314410213446,-0.3771459949288243,-1.8656341638151739,0.47865598120360264,-1.0036632078067373,0.8991305976740052,-0.7547540260495171,-0.22264456616012984,-238.47394036348254
4,0.17050474218398004,-1.9099427897088765,-0.49421466844122913,-0.9939214005873204,0.49983274808412187,-0.7541692515651058,0.31343289691900833,-0.8596977340768445,-1.7173996128782096,0.4937352433779237,-1.0307273500926883,0.29634208255720906,1.0559736392315695,0.3374345029413847,-0.6224360067916731,0.6668378397751076,-0.3539624225460043,0.10688247882913281,-0.9056324151830342,-0.7870208159903254,-0.08538896382347858,0.15992111243830898,1.2589195162943978,0.8697001594541311,2.2291027808819894,-0.8886349473154792,-0.24912054699180125,-1.1658084886392623,-0.7453885475098918,-0.7091421754015957,-86.40606472700284
5,-0.23903340355612815,-0.1473590519316474,-0.7712398296147139,0.37710694757044516,0.6771168645386799,0.6369996874820296,-1.6278027651166185,0.9363762450287525,-0.6232357056720741,-0.5059503918589991,0.4907495824112313,-0.5157580049576431,-0.5815918907826598,-0.9939505186222881,1.1390561078161232,0.3335531466757769,-1.1411778949444304,1.0460919797175132,-0.7720600256845568,0.5583673782569242,-0.8732734693015803,0.11414416183322917,-0.08102436240886896,-0.3646460133312723,-0.7273115999828381,-1.021674954769703,0.2701362410602956,1.5694852156773755,-1.1516157555915039,-0.8043558903381646,-294.381540250635
6,-0.32467841308030077,0.21067219364818454,-0.21512777065155056,0.3868390130324316,-0.2151065349717796,-1.0738910937385215,0.47277563883699086,0.14163711689242767,-0.21841460202466684,0.5154836900875068,0.06342627225329177,1.7192034294696867,1.0568368517373674,0.9748223503466932,-0.3113323342426204,-0.2564448782048957,-1.344354154452444,-0.2542219954399635,-0.6118514425954446,-1.4312136480506745,1.116543387952707,-0.6245833904968945,0.41080702063436314,1.9796767632863372,1.1174123853046147,-0.2034072176270894,-1.9256333835300499,-2.42807345581119,-0.8596472660614671,1.0305453886665152,342.22083223265264
7,-1.7477264368001708,0.9783200665581104,-0.8401444121130831,0.6874776624588745,0.01283977050122479,0.4793553843044741,-1.20158338052309,0.39858691395419604,-0.5295633404314929,1.3889241769186145,-0.9696681829869122,-0.6254567151326614,-0.03676261925372405,0.4431631096025341,-1.3344428400836164,0.03893114417247788,1.5261596144284622,0.4101229030299626,-1.1595261036673257,-2.278561894323304,-0.7738809811875659,1.0773705855012254,-0.3217673275401072,-0.8343354410963892,1.4615505561473454,0.030834375207973646,-2.298400796159867,-1.4667285780264272,0.4551171837030309,0.9592925070860643,257.0768532285407
8,-1.2689368775053,-2.0344797409810695,1.0392745649766888,-1.623376220358982,-0.11590991493539098,2.0815029203611104,0.8295800775683825,-0.19162726746295386,-0.35671645911253747,-0.15719764668938807,0.3201944968926257,-0.5505588280013091,-0.7319875316975794,1.810008389680124,0.5768927171658017,-0.8811478289990017,-1.4505352273497365,-0.35785356483504727,-1.4924862317260648,-0.07467852133833262,-0.12333043843592068,-0.33329649871923095,-0.9290397753343286,1.8866491794310825,-1.0511236685418182,0.7797402864145886,0.4541809074768096,-0.22083143207607697,1.6529945373742945,0.7919068264606635,8.030438361458529
9,0.29671705425689127,-0.7498303363630262,0.27296082181443376,-1.6603971082508657,-0.46410464836876014,-0.09323912000275346,-0.5767069541246745,-1.440745904154127,-0.03931776313565341,0.9278145346196618,-1.3970880190648245,-1.188525516818857,2.8941575036716447,0.402171847982126,-0.25525579021147615,-2.387443460732074,0.1476220606242965,-1.5403739352170545,2.1089582365671866,0.35228180840519074,-0.6456655574333924,-0.5360676000742879,-0.1511341566693221,-0.5323256185818798,0.71850017037232,0.24003184437207867,-1.2717477352134674,0.18436043374146563,-0.5628925669062776,0.6095110591133692,-335.34382728889585
10,0.10204373701126912,0.4604557319213129,-1.4215416219342523,-0.6498086474281666,0.5773376164052905,1.3720404007663642,-1.4458251622080063,-0.8562165025058844,-0.8604323302177205,1.311133959361667,-0.9677348503144174,-0.9818265523202705,-2.18511615749614,0.15442358158612732,-0.1767015844945689,-0.9764618920903237,-1.3064025019191623,-1.5439800375860637,1.8002650690788087,0.7248485463295792,1.6529920995220941,1.3420095692751768,1.114512501924147,0.06543708031606282,0.18246463768929314,0.9966363191619517,0.65595440931765,-0.4648427685266395,-1.126809383244318,-0.3005167832081235,-304.40259371054924
11,-0.06934992244250714,1.6547599052847866,-3.18460692993659,0.13404976905908317,-1.3814643977882746,-0.16259851051667826,1.196467129910996,0.4913529039364587,1.2322244425198103,-0.09483803818278641,1.7751556652632088,-0.3167434100322362,-0.15253504747655316,-0.4368552539114667,0.1952812912492684,0.31364228052815485,0.9164113139754623,1.0650804748686682,-1.20059684326644,-1.6085221401306233,-1.0582178663137314,0.9872604253785248,1.04513787839054,-0.4720427719083797,0.8882076739111325,-0.06032248506771438,-1.9694674016357196,-0.05735503538732513,0.005998506044601239,0.21485420574411077,425.4295608724517
12,0.37642289147966773,-0.6795198665173152,0.8073875068687869,5.594011255439351,0.38846330836942716,1.323535679918953,-0.6770954017046203,-2.1727521091746143,0.3673952568510623,1.892891934326716,0.17842921828136413,-0.15846664960199056,-0.010580773768076196,1.597416710389458,-1.881360341552433,1.3145982143590105,-0.8138020243210161,-2.1133987388397766,1.126021882564227,-0.2441548489823537,-1.2397808966413113,-0.23733827618447473,-0.5587277462820285,-1.575916192550911,-0.09700362947010643,-0.9871835957766469,-0.10667299266560339,0.25336016718036153,0.1990559597551767,0.10578635746061964,153.6078904078442
13,0.7164641368341038,0.19786956909644113,-0.16857170406643313,-1.4799645608994754,0.15647997687737714,-0.10362434602392942,0.7136137317817802,-0.6942658979609011,0.5461712190473693,-0.5434498779348913,-0.5395465716144524,-0.8468194478633626,-0.5258754826217962,-1.1058878704344866,-0.6505690355149445,2.363924861117299,1.2016526448856633,-0.09830286924977531,0.07154184418477147,1.228257835755919,-0.7084135572444574,1.1973055542629953,0.1673885672421321,-0.1779541748769934,-0.8133106336523893,1.4222706395494198,-0.7878896191663339,0.5601514293526825,-2.0762662013587145,0.08968849006277749,-30.169289306169574
14,-0.9015048898584045,-0.8454358177042389,0.18150327208518877,-0.4100904197892001,1.868473585939938,0.40469620744789625,-1.2951776690057755,0.852709284534145,-0.6933876577762893,0.11933282025872252,-1.1351304904863615,0.002290920193769597,0.3255687208961758,-1.7895414015732543,1.5081004975673027,0.12514692916002254,1.4667308111907247,1.0494011856932361,-0.9638062286149961,-1.1264163028145193,0.7735078477840305,-1.743674590635409,-0.35812669006247355,-0.36886464201611047,2.5707111969846443,0.10687817873080846,1.2476729297959825,-0.548538173075122,-0.6887724285480555,1.6950462850097996,-40.39866436487941
15,0.24114107861005837,-0.36775098924961397,0.14286392272426032,-1.3073253737954282,1.1689362138829968,0.8690547612078013,0.8690100501294326,-2.0631874433020676,0.011264416315492529,-1.1002318567746543,-0.34448600820617087,-0.5244441940447849,-0.01258901713084031,-0.4970570432597774,-0.789174436819229,0.4396829298011285,-1.9426999305169113,0.25198536162777774,0.15637247767119533,1.4012159235378445,-0.4072995026408179,-0.026914357504519166,0.8522054089921555,0.12836394052695435,1.3310153208958404,1.3455335150871748,0.0337941988079685,0.12402256464872898,-2.076595917031791,0.41415629145552724,-27.587589098595977
16,-1.583547570161601,2.1223579525902614,1.7354159111413943,-0.1608709911798406,0.5490650558698805,0.5369454279743248,-0.2662167203713737,-0.5017070225260924,0.4376542339101727,-0.12215950111647411,-0.7082544416656692,-0.1933475860024836,0.5680018874473359,0.5030267565698586,-0.17231201644940955,0.07665787745409988,-1.3257383953895159,0.7820852211977471,-0.9578737538222178,0.36976730300872807,0.9248035273607305,-1.539254056388189,-0.23080189634218853,-0.5386344768081786,-1.7708760778937873,-1.5077253893764961,-0.695416768276967,0.48188018513244535,-0.10496815147112198,0.3559329726161378,-99.94279398391609
17,-0.8775918847441241,-0.899700975819472,0.3551373543937836,0.6954132045191006,0.5771892236053433,-2.6348076732959624,1.3638640110417188,-0.7373701185369723,-0.27428801579097783,-0.6370904751566778,-0.2203044830507122,-2.557888811785892,0.0690636584166272,-1.0969437111458453,-0.49483032751171174,0.32420140938675346,1.9323230709749457,-0.6491421741333749,1.4040223273054622,1.5034422546369508,0.5985630925019987,-0.8149118236999908,1.8631798438368496,0.44958355766305624,0.5403520473305768,-0.2776671285302447,-0.6804162676132881,0.7617711772810627,0.23539615847818732,-0.7436488473954435,-379.3868118775798
18,0.9954213556219328,-0.17019775509682533,-0.8485778593815309,-0.6753586386209336,-0.7991603667245756,-1.0270028673278875,-2.1694474761968556,0.18998414112248388,0.29432487885133923,0.2985338974717063,0.16637846547151408,1.2367321608589792,-0.16988926485853736,2.305134329101107,0.3788015979815739,-2.0778110222037576,-0.44656706377071875,0.7884801260801169,0.2772527689795248,0.5295531155586257,1.257054350704018,0.6784342420592034,0.08120699494083389,-0.6346615122842231,-1.3868316369571734,-0.4941357031838921,1.1246017029742372,-1.926261835606227,-0.16344022128919777,0.5714601391496371,-209.85118921473708
19,-0.5142953298142066,0.26399635212233924,0.8061894408664988,-0.1532430079033665,-0.16005479051185525,0.6373316794662625,-1.2367264080657003,0.5266451124885171,-0.23253127110769775,0.07819094159698325,0.9910231804103531,-1.486727084148701,0.8998791746095115,-1.1563743988893636,0.22696885424925395,0.7714518437043909,-0.25116025508571155,1.3568116374263628,0.32592906612841854,-1.9410633188412416,-0.7311878965227436,0.20609870469435634,0.7660425320845835,1.0520089648990545,1.5433302918614331,-0.25896062577777307,0.3038611402432715,-0.27953662770266213,-0.7252019194869642,-0.8701017424187828,257.3572685764799
20,-0.44200145742796765,-1.4888329205099906,1.1412908446794447,-0.6108358149277058,0.6751723851838974,1.1248224405821137,-0.324494498105986,-0.03217366641397337,0.13224291555526957,-0.4159988547920133,-0.18217559417313672,-1.3341205829143288,-0.121052678601474,-0.2941278795932666,2.0830034785644624,-0.6651484287607289,0.7477115557626507,0.2755984038344263,0.20043107580164884,1.1530780999092294,0.17736692930581413,-0.12754219202485723,-0.19168284050304543,1.0162360864036541,1.8126500715871032,0.52865146500698,-0.9363092647473695,-0.30558097078656044,0.06331859563428972,2.2519476194396835,164.39668743596133
21,-1.8925951749692413,1.9580767436398696,-0.2589370942428011,1.136024411333982,-1.4467253377495786,-1.389212343347903,-0.47000220053451836,-0.9019254487660258,0.4589748841153328,0.22979855853400968,0.05598599815583841,0.08812585802533923,-0.682814412179896,-0.7278694122742572,0.14167103979342854,-0.6895539523037808,0.6323749308375654,-1.3529323881850803,-0.7830661953217569,0.49055170109750956,-0.6314127075666074,-0.9195491140919891,0.4979632726283682,-0.14284556478601254,-0.3420307943299763,0.07938913389994559,-1.8768805473930614,-0.26314870136659285,-0.7320933753244604,-1.6022597492617154,-369.65824046176493
22,0.9179221524923836,-2.4636369080018046,0.8915576226500223,-0.7937352862628549,1.3587462100105976,0.3562175013859451,-1.562378220482193,0.8667056855451849,0.7466432143873024,-0.738156453345188,0.6165032099023765,-0.8628134721102108,0.21543535232690336,-0.837643264728758,0.34135725094531794,-1.078380684540551,2.1669034371144664,-0.9395827248876788,0.8624349240907707,1.3181836093471178,0.3573233112398929,0.9781460595842405,-0.46280749972922086,-0.0623315162502754,0.8708639654772619,-0.4410393428355615,0.84934599253259,0.8591337192861709,1.4135466670026613,-1.1856901480980258,-243.43456806421005
23,0.743154733860306,-1.7947998051364837,-0.32515268879830295,-2.7670254116593873,0.6927802477385901,-0.7372382801825674,-0.0813732763490392,1.7706001697634255,-1.6774786230756036,1.245121343827799,2.2875090028374143,-0.9760594025068305,0.04284497605203829,0.03393228281113581,-0.405233520136771,0.5918746304734375,0.13329279076119702,1.629623194141493,-0.7016307870782599,0.756244733500677,2.505239940682798,0.8256871482615182,0.7570411924919044,-0.917906419191851,-0.10717417961958192,0.3888159597352553,-0.15588718209309246,-0.04794464218364579,0.27477122200870185,1.4313287720611343,-34.31074541809744
24,-0.06174200769411966,0.566197753002704,1.0182712327946135,0.18140156444233452,0.9760506356206329,2.253822881927873,0.34180366100856313,-0.12231215538604867,-0.7627324673405806,0.6387700969059534,-0.7990436547319588,0.8613130494880744,-0.3008752009998275,0.9066597121487362,0.0993501856568319,-1.5390343695437618,0.15954289887746867,0.585431852566323,-0.7599709314326957,-1.6651421775334942,0.447257939063482,0.2519006733111706,-0.12821793894489608,0.06016869527082805,-0.32703461388988864,-0.5696983904128214,1.959050106518148,-0.4205419053605511,-0.47137078465927423,0.5805074939427295,122.03984612032592
25,-0.6408535294481726,0.955567760747242,-0.8702099674920274,1.9058981211067543,1.7263567360201486,1.2203510524242203,0.6510135922376663,-0.1034619408420122,0.23115514688161556,-0.033208369291615386,0.32981261854689614,1.3508409295845651,0.7419348460151137,-0.20418982399160562,0.04624767102853582,0.9566081504837757,-0.15206071847261945,-0.13953864921598283,1.1799657490229127,0.49796983904365794,-0.8687275054625111,-1.0204809028175097,-0.660726438800208,0.23234744346533914,1.6626581949089203,-2.071903954293123,1.194981960291442,-1.6095067892569643,-0.8836827734890766,0.4437492036718969,405.7196242472298
26,0.562016838727357,-0.16158326055781802,-1.0484259874518542,0.6835020292243398,0.8718812058823047,1.6258905472282612,2.4150367566828437,0.19994863637937246,-1.066880578080626,-2.169974363127499,0.7433884951531563,0.14301732069926795,0.29700045373420075,-0.5861859100131117,0.6917072005293535,0.07912699791575666,0.8365562829736238,-1.9010137365975184,1.6227129342314466,-0.47013424793585346,0.911661226168947,0.9733830633037254,0.6516413572858765,-1.32035849458292,2.0316667956483565,0.18261198661911474,-1.4278400387282355,-1.7341908749651507,-0.23869383254991627,-0.3874881925715749,132.9136495660345
27,1.2946482573019482,-2.006906696777672,-0.19627829653587664,-2.0877280153519746,0.5079670665488946,-1.5030015262372338,-0.19748005703100213,-0.5095292744287695,-0.08430662060555882,-0.08017121212355753,1.3279203562405497,1.6060250335221502,0.5876733210946563,-0.2597046445044218,-0.6611326666578679,-0.23775445348054203,0.13347799058981213,1.7114677441738482,0.035784508247296544,0.028304005843519667,2.130037395895129,-1.6245094528978399,0.8061783931341445,0.09186190284216814,0.8479147197796967,0.9677358512531323,0.6308097830993304,-0.8092620689414215,-0.07259823487286673,-0.15104315495987689,-85.6349732788718
28,0.23117544555267347,1.7916458400191364,-1.3960014987494176,-1.9473470477242845,1.061413035820111,0.7661741968697813,1.7180744401887158,0.9885501726592506,0.6170045421174599,1.47435785937785,-0.26915448209304976,1.127890096229988,0.33159276432262014,0.45113014535613055,-0.16246424061823986,0.556145539144913,0.40482598447096824,0.42211869444962913,-1.708368261692742,-0.9676062604194866,-1.2855467791726238,-0.6882028795283315,0.6453599820775974,1.2320898453494082,0.8859422035886231,1.0517692780497763,1.2341910105725857,0.2458907780103777,-1.6903540893439568,-0.3484231340579772,421.5651329745129
29,-0.4093381677171549,0.47454048730131876,-0.3968555044546975,0.9579090386032553,-0.05078832129875127,-0.605590779682268,0.5664765271301577,0.6693071905212947,-0.28130912559757254,-0.5002852144663129,-0.4317822868364871,1.0014798681694626,-0.4266248573418257,0.7769725021525531,-0.1364931353675258,0.5569798104181617,0.35561380838837797,-0.687926043177699,1.827735221311545,1.0657516735973556,-0.25937997528273943,0.2295935711007036,1.0222250441760083,0.7181277429038739,1.2135825391594686,0.013752886020348647,1.2589948311456791,0.8560906167326983,1.3818309188370173,-2.2198606110227064,266.907247130781
30,-0.864827840736308,-1.2910778250600907,1.1138177409178784,-0.9056218119498552,0.5440716495641915,-2.22299802904542,0.6471722655256293,0.8240139920834957,-0.44049872190617967,-2.0009581358884985,2.8151994662147137,-1.1214395406401234,0.7031925314255804,1.062083007315279,1.4110127920547701,-0.6204644912338151,-1.2221856250471854,0.2165701365822642,2.2857220732987,-0.2932600003917404,0.44235793863295425,-0.7597352921650078,-0.2886767693830675,0.15212158951638,-1.4006204683289238,0.4209902585739045,-0.08084828438542409,-0.10844761789310933,-1.0980911783460998,-0.3464185011899667,-475.95050548967413
31,2.5605907138072843,0.00670775274570675,-1.3881363856116733,0.12752937969035155,0.7040230352222416,-0.41661175415924334,0.4081810901507991,-0.4939887584459074,0.44006230746795194,0.04967685605784932,1.0707280620470907,-0.2431050584812802,0.4450212325812882,-0.9276145389605002,-0.14909208692409215,-0.1781087368132987,-1.5736143254422834,1.20977171135215,1.1772091407975345,-1.2257982890618644,1.3535497534057936,-0.9503819338644719,-1.4545288519471904,0.16770279935233692,-0.20240369530241992,-1.4229261312134325,-0.12243641881176125,-0.908355648475976,0.6925575918076087,1.167521623019794,-11.753851250207184
32,-0.9499382126422433,0.28519280153232596,0.2566964219195203,-0.09302593444009429,0.3936700786915963,-0.6285703172000812,-2.3752929047088034,0.771894828778697,0.26680889586337303,0.582998124358591,-0.4468904968825951,2.1097058702206355,1.5105704119792607,-1.2975985112744937,2.159129846787653,0.4199804552920751,-0.4350285058136066,-2.0590923593912396,1.568925955427562,-1.5087676092830984,-2.7058667316209415,2.3676335070189722,1.1334265782788742,0.9186943368635903,-0.5279514390550235,-0.24242086214086836,-0.3686824191925587,-1.1637680191511561,0.5722895592932904,1.1487354137759362,474.2867500214883
33,-1.2126720278022407,1.8700401742143813,1.397090694517076,-0.5414519678653767,-0.45607382738316493,-0.13426398366268652,1.9442540637319006,1.4516043435346695,0.3455060524731326,-0.09371708239726442,0.4121619303514327,0.7955691437419788,-1.2377237909283496,-0.47954333133046156,1.51467783919532,-0.9253925010108751,-0.6457642399765534,1.8534964916076562,-0.4282226559504704,0.7555759112639232,-1.0705253461451676,0.24592059873312766,0.919995945510393,-0.562413598990818,0.04958404369510896,0.2671681191919182,1.2344200545867074,0.4650609097668082,-0.32874176854311504,1.0239184281394524,238.2105568368221
34,0.13338070232996263,-0.9612122326739455,-0.5374783089756032,0.893808821369463,-1.827972922622546,-0.5009623558309159,0.2637248698614024,-1.8937650556067849,-0.10828269055301959,-0.3652153577047377,-1.3460242807079033,-0.32992631080209345,1.2719564405381012,-0.057027062390390106,0.7400624261390678,0.3871110661493164,1.168259087382567,0.8866823140248292,-0.12486841098113224,0.11660786162045482,-0.46376211339557744,0.19375846393156868,-0.2804950086226098,0.3127960278394267,0.36028047111821737,-1.2446271040734518,-0.4021055706004095,-0.5819549214051984,-0.7514499315148079,-1.882706689302889,-155.13373091706598
35,1.505098131970875,-2.419723922356304,0.09774059651640105,1.3405522755854766,-1.2821993900571558,2.936334991047887,-0.39432573188973025,-0.5000417288663122,1.2585389104923659,-1.0101429691392223,-1.8546335046722735,0.6395530130049433,-0.20058631782298122,0.37573047662285586,-0.030187984502923315,-0.8003326396554868,0.5908135068322947,1.586207326220368,-0.33031037311366074,-0.41756500576982203,-0.7488638557456341,0.8284519458599595,0.6480515053114978,-2.5412505878795506,0.027177950005030434,0.21497621593720995,-0.8581873336051925,-0.3484165695901994,0.5247941642702487,-0.9353256436913758,1.3417322873575586
36,-0.6718494852116202,1.4596548471716986,-0.9640536650833174,0.53109515379025,-1.3422697080858776,0.3946170499767587,0.036942490410843395,0.7641303110931842,1.241143786424418,-0.3606218173997126,0.6523997867853405,-2.1339584130215155,-0.29706397767502346,-0.18960064304884333,-1.3094133882148684,-0.524189719677886,-0.9793211132532448,-0.35690779709317755,0.8904487261744933,-0.524221198551701,-0.7300758206395018,-0.2989865346469782,-0.7773117928254107,-1.9389325749312718,0.45163504925824177,0.9562985085140929,-1.7209637563398712,0.21947927821235128,1.6022314398694446,1.7883184476591159,68.68240230489641
37,0.31236227373176,0.09959232449489198,0.4126625267270182,1.242695481387989,-0.3228269859490136,0.2221750510622988,0.046212995730317175,-0.19250223961614038,1.5921472881743806,-1.1461806757617397,1.965776758556118,1.8510168483332665,0.12949623517933884,-0.3843292691320765,-0.9808805808804334,-0.03312752166916831,1.4616585173890373,-1.424552661661269,1.3468452212793154,0.498871134091283,1.1513376870663152,-1.6471126534181326,-0.326076638753691,-0.70707810435009,-0.7111004231686994,-0.16080665459064422,-0.6949699466706959,-0.906425185334615,-0.14671810117540457,0.3584242607459938,41.64461937317034
38,0.11677949539304558,0.8444726563526691,0.10894814914657051,-0.1227796155504858,2.065130840236886,-0.6385960963399877,0.6098588497697583,1.5002451454654488,-0.42181367742990517,-2.114425272964604,-2.911389113691948,-0.558125418582271,0.06261097197578619,0.44983534429169575,-0.9358819245903832,-0.31921714773943083,0.38211773986640907,-0.47618004341241854,-0.6534349760645296,-0.6564864549707056,-0.3305025844058439,0.13167531969701926,2.0086306879599882,-0.22562800429143814,1.2933320865105622,-1.2316807683942421,0.5077092143366465,1.1243868522511402,0.7363335510120144,-1.955458410763836,-221.6847532435166
39,-0.11963373314786348,-0.2747856455477804,-0.5655091691407433,0.5618777619769537,0.33552140733625396,0.6586513031803329,-0.4826746393278193,-0.676353112456961,1.4286914937186401,-2.004867420931619,0.09456187185557309,-1.0075759411058833,-1.7091162542163418,0.6581072502805555,1.4648998960170896,-2.0529963610356092,0.17765509649945072,-1.0327706968247659,-1.5946548808665828,-0.7458047220258195,0.11031685898876933,0.5139145528287143,0.4218437642198864,-1.0538268234915975,-0.8011662815195694,1.2689194174354927,-0.03887389656759694,0.31895427135368165,1.9198177285351248,1.009492390174932,-222.5640765057582
40,-1.2725560706747556,0.23562715554675623,0.8754336006123089,0.6696510467022208,0.5255111330927199,2.0595654765422515,-0.17057440683960842,-0.09911012427191268,0.6266638513234412,-3.3928213713007027,0.7122959478222161,1.4596081546230018,-0.26929946511342834,-0.5221506619022782,-0.40830099628916766,1.3632420517317636,-0.47392376758837174,0.41004443078944797,-0.4686892248618576,-0.13438407258166635,0.6832805272938627,-1.048157624892015,-1.142482231696241,1.817012124694777,0.3045702842559034,-0.029878703716290637,-1.3692203006534216,0.6419878930796669,-1.2745205225321,0.6794619780026777,373.7443042923493
41,-0.8106687851267206,-0.4588076054630382,1.064220247927222,-1.4972320933484249,0.47659222003596874,-0.03940825788283564,-0.7054638071238452,-1.3984735288142496,0.8548118580585126,0.10951160969920708,-0.6750302790677851,-0.7206161811643466,-1.3064130294455598,0.03857810524141682,1.2558506166803172,-0.6740162703942421,-2.057901634193951,-1.6526797407294864,1.9420652296369483,-0.5415562568246014,0.8285219606705088,-0.8806928946091206,-0.4725134185578031,0.20019605129812668,-0.9324175415914597,-0.5525863202522685,0.09686041259038622,-0.36691602272519747,1.2586551530365373,-0.044353956751787584,-565.959554218254
42,-0.21675418668231514,0.054658153051782954,-0.6111676740226137,-0.5093262336832391,0.4283094836453813,-0.49976153745885704,-1.4120563941602498,-2.0034299805742752,-0.7847886463985329,0.18397177773174037,1.7088916030280763,-2.354479036103566,0.18565445941210335,1.4040863386265354,-1.807624605450936,0.1329315156615538,0.5501211965773533,2.020502226126564,0.16324987828099558,-1.620232466594585,-1.251747282227502,-0.058253139497300335,-0.046147157494722646,1.3070115599439884,0.15816503079223784,0.08727295040680219,0.2628326490361723,1.803730159050871,0.4694582605071314,-0.2786759818219653,77.18595004463697
43,-0.4031088557923292,0.19648866716705937,0.35228634786794766,-0.9985457390846916,0.627220783050462,-0.5561736006867959,0.49968824732087125,0.3592379068477435,0.274233142845973,0.04378572477440445,-0.8824461813097507,0.15044002766180542,0.8611942433599798,1.622970489572865,0.5724948762885217,-1.3915202025790907,1.4156453710423973,1.2114964306761837,0.4369604131377294,2.2357515184680863,0.17658535543459075,0.1315938979465629,-0.29846592083776435,1.2470778198956562,-0.5869774424519737,0.722294680776754,-0.28156126486215277,0.17854443630918315,0.008756660648495397,-0.40842114007354297,169.52868161644395
44,-0.5561357033182088,-0.853221889228859,-2.154006646650515,1.9995006002284157,0.6618145011104091,-1.1949098730186585,0.14858739655099618,0.45343974244328256,0.439228446232735,-3.887610775790874,0.9564769997088065,0.02624897125956,1.361107489450933,-1.6711119670675392,1.1848154911966906,0.871357694957535,0.36762073482470686,-1.0430782910397982,0.7008531673835988,0.9458714347140066,1.3467825775237423,-0.5880182070597452,0.07206612589646197,1.5532602919208105,0.252756120529285,0.6066264231401973,-0.3291162544765542,0.12829913225842787,1.0202799309102022,-1.278840311088632,164.60281870166244
45,0.9622917337545115,0.13884246910047424,0.3281022966144011,-0.7808486160339583,-1.323956818766232,-0.3770110583360985,1.6531038383803776,0.8429905126256605,-1.2272778084924663,-0.47812110467182006,-0.911345795650033,-1.256934111347641,0.7486490464432668,0.8093329288907359,-0.43840624332373573,-2.301946271853083,-0.256532409224328,-1.4331254972001308,0.08475877417914039,0.13875610225011495,-0.8082443763214582,1.0355717670597275,0.28905379014571625,-0.5094034153135074,-1.485820638209834,0.656776657520884,-0.588175624793254,0.0692660257757256,0.44105017724847173,1.5240546579197811,-253.288877785731
46,0.8034341272958758,0.04464606929298614,0.7048200827096109,0.6460127571450892,-0.365660254711661,0.8031461960452582,-0.5976591365181002,0.8346202741948511,0.1385570428211268,0.3227299011030242,1.2000967922214785,0.8300893564870098,0.6005612456210031,-0.15192301585015236,-0.6410612983316673,-0.23662450712026195,-0.07160507340999092,1.5699229398494996,-1.5398555538048397,-0.021289720971043327,1.4355031000224512,-0.06306902991989478,-0.44056191979046333,-0.18312040594886245,-0.6170771740205263,0.36987614203015357,1.1130355312999969,-0.26086151836431626,-0.07713579091492095,1.9647937711363697,416.6494039142897
47,0.92127957741428,0.5588698201331005,-0.6480020734278482,-0.4413912776933542,-0.492936685968512,-0.9339995033724057,1.1104118658065119,0.3482860424182821,0.08117866503291539,0.34851143661106554,0.15765079648045774,0.03305850219087669,0.8572817004054502,-0.4119000816550122,0.015519727363148461,-0.12442257167400765,-0.9960021233597413,1.1125414976942427,0.27687175936487657,-0.1323585080904786,-0.5418518771400147,-1.60677545809445,-0.3171572752028132,-0.37773273932745793,-0.5553493574001719,-0.12098181879906562,0.1730101421398249,-0.7896575441895807,0.6797467817411833,-0.039644385888303116,-48.7377474435024
48,-0.45634558148715454,1.2726417444814515,0.08249004702850714,-0.31375517837739314,0.4836562061502162,-0.8687861857307817,-2.6853422989076967,-1.4009488307174154,1.753604614952788,-0.24804948223314952,1.993550570154742,0.18774504496461192,0.09912409670396762,-0.8786048715708201,1.0694621710711547,0.4907103240286911,-0.6254032643341642,0.20797500510190597,0.2761426164263407,-0.3215224860078667,-2.224995123749756,-0.3846682845351469,-1.059779207442616,0.5026198169188569,-0.9423497093471324,1.6128185251622982,0.6685311707495448,0.08798082147489188,-0.12938282348429084,-0.10923553006364185,104.58810506198698
49,0.1452996868762084,-1.826772837975424,-0.14438951612519177,-1.4940124928413372,0.920194167329914,-1.2297415700791656,1.0092657397827067,-0.8117179090988409,-0.3788146425747386,-0.3703532313081925,0.061663066635553404,1.432234460462874,0.12602229325812167,0.6990628318173598,1.3455474083760104,0.4892991236121955,0.897965805543723,-0.7061466257076232,0.1036330245061496,-0.48052329494526763,-1.1071764703101477,0.8698141471748928,-0.03457620845454542,1.4306934860688163,2.138136881306817,-0.4856286285678634,0.45009463354654605,2.2366848044605514,1.5065409015258748,-0.5239448798099174,166.89582079735322
50,0.7027174188042089,-0.9070791835636515,-0.4106029732252316,2.0697145671461077,1.9553662866148087,0.9633427604665905,0.7526992337686026,1.1784240491754125,0.819677635165814,0.27820630569901217,0.36123576347819125,0.9169367068310006,-0.8919403366540453,0.2501072160703501,0.5695841233134413,1.1994033755542268,2.0469114873751226,0.06029574757336098,0.19417596651870012,-1.6810001456436148,0.11395193170123626,0.16564688393116944,1.7247340877322384,-0.3243057125176608,-0.4484028249170732,0.32053982795459224,1.705924642162274,-1.2904686739432163,2.060122309983697,1.7125591123798594,652.7587028607741
51,-0.8491779320356927,-0.059803857979982736,0.12240241029617434,-0.1523395973126215,-0.21921357373623254,-0.7215541014613032,-0.8787617009051112,-0.03961256453849586,1.9764132334413604,-0.08518840272336581,-0.1413452823888836,-0.7671554301955396,0.09992496275954692,-1.2095667793372404,0.386341561856181,0.28469790440349213,1.203757776382421,0.6513536491629779,-0.6025210014985499,-1.4387192026360254,0.7880831508794641,0.2084221150541556,0.23174720763410642,0.18932841847171678,-0.6920338651395068,1.3394406242821137,0.5498391592560985,-0.34279734398524314,-0.0422710001622454,-0.9998027132884852,-13.675212384957305
52,3.3944605289042906,-1.3290632908747981,-0.1788663116874377,0.9770462145666042,-1.5113791918756017,-0.4565028859501547,0.8195656534083887,-1.8986697196483258,0.758920401199726,0.23821020674196192,-0.4272840759562255,0.7311868709827869,0.9392750030389745,-0.26985273845266056,1.4354671187636399,0.9240440498280068,1.2911543674327326,1.736715653195771,0.3126322473212274,-1.252566967303545,-0.16526070165560336,1.1179229628071539,-0.45759990498831726,-1.5170013827490232,0.24657542363060922,1.8985726433366754,2.534908582551352,1.449851940753949,1.5125514101586754,-0.04028839483847521,436.13509997940366
53,0.6313718464301049,-1.8353856465313545,0.9901055504232507,-0.9287475337450379,-0.09992963311562086,-0.17367993030625561,1.372454639867683,0.21040339194344015,0.34062453329047954,0.6885248767425641,0.7649366116734547,0.11525129903867579,-1.9962589371757093,-0.5593513304167721,-0.4048657330551537,-1.6521744308676674,0.7393411054020899,-1.1021440411327694,-0.14418847791787248,0.7943472590079488,1.2676988126540012,-2.036739383079121,1.4669388223924098,-0.5667718035321854,1.5096677463877848,0.4680580900115711,0.49787336137890836,1.4364520523133246,1.328524801594102,0.9201805983324428,-372.17103191657156
54,-0.9776301775662201,-0.9213777776898762,-0.19593468720745483,-0.24643503479798753,0.5249649768249949,-1.029223306460426,0.5239386522702432,0.4999147372819249,-0.5459320212880737,-1.4282372272717165,-0.29442562148714196,1.24572294690894,-0.8354826574094546,-0.7841920001490916,-1.17093145680092,-0.3660904262972136,0.6421531698565357,-0.4265470611039443,-0.025029541927117243,-0.044827842139912505,-0.7573778147857623,-1.5572944232142127,0.7037522918789666,0.7159619184123422,1.1010097502210365,0.38141308709784005,-0.9126445449027281,0.15195426888267904,-1.4274624726062928,-1.3001815208636889,-407.6699608809968
55,-0.43965637500418026,1.256468223385535,-0.3365455037040804,1.4917965492406788,0.3062720850907705,1.5390318756226822,0.9024448775811503,0.9558761929778812,0.3903250158959732,-1.045169413128451,2.9052599479960195,-0.04320478150425395,-2.6342481387297876,1.0403035333929809,-1.0574860461976272,-1.6542098686729785,-0.9771006054173288,1.1682419673566984,0.9675085552545656,1.0935425565062238,-0.704151582654375,1.32520893238257,1.8529868771301647,-0.7978194601427769,0.3216699033052411,-0.2506890737974544,-0.5955317984467913,-0.6650406548443871,0.2782978414372291,0.9999800120162967,360.6084049378607
56,0.8441100787181806,0.7185214149796737,1.2221562829716703,-1.0546690635532991,-0.04658896876159843,0.4816251266753938,-0.21587025843220395,0.6914650919001858,0.04054206445157749,1.6741720466620624,0.34955753361098374,0.015070413197385371,-0.19397060055389004,1.344783688427442,-0.20473328194771312,2.9870210463420404,1.295280753442943,-2.4332755186606354,0.6088528818403472,0.16460539809027508,-0.9575841498815625,0.128861028708429,0.16821631629534878,-0.01681718954869934,0.08642886394667308,0.06912294572902788,-0.6382482324756891,0.7094650576309564,-0.4808198331892332,0.7217187363140882,265.1515229940557
57,-0.2280257506658766,-0.20929194838966306,1.3471858034685023,-0.33460716598722795,-0.4068062670737814,-0.5546888332316657,-0.2714204303201592,-0.08845678121520863,1.4319059092223274,1.8328942473128929,-0.6387863269116612,0.20257512775114617,-0.13389611465261494,0.5306657755295322,-0.37005596835766524,-0.440087734963836,-0.5075111909832948,0.1087197687145271,0.10503994782810921,0.8294138207193914,-0.6382223959034073,-0.10875006918010645,0.8722982412849685,-0.03833559489476457,0.5926998505153055,0.6643984500381132,-0.010529852378824677,-0.1526685720015459,-0.034864527584928834,-0.31837055036953316,60.450650654956725
58,-0.1003891926935562,-0.19496244439807806,1.0215724533314223,-0.9419730397483842,-1.7967387154067105,1.4089582652257244,0.701072173935099,1.723768410953061,-0.6997090633459874,-0.5979390212455491,1.2148773311593688,-0.1106829386074749,1.3626324692115221,-0.25310787900521486,-1.6314982100998037,0.7274015689603343,0.028143090684071077,-1.203948557811036,1.488230322292166,-0.21906930493591528,1.3660419157388997,0.07064808839201049,-0.09271595782021816,1.4783763316917566,-0.3257098191797863,1.208087787620429,0.3514378706099107,1.1238357073849956,-1.115766966945346,-0.028706097150941103,310.4536223647422
59,0.5232844379487912,-0.47380006408322023,-1.1754372757929956,0.7623138488610272,-0.5045147217735458,2.7461444554217804,0.9266320713944818,0.7187260005287457,-0.26945524074115135,-0.053306769263278216,0.1909833876219312,-0.27980762616123955,-0.4213274820860353,-1.1330621827470824,0.5980002107139504,0.2125969413424529,-1.1169488520354138,2.2162854540729198,-0.34021428160940087,0.35374951929540877,0.42281903987674724,-0.10494743077745261,0.011521906306832318,2.752734832533727,0.6832472601947198,1.0629309310086938,2.557167005836502,0.1072338726513602,-0.772411682707471,-0.576285544155612,564.2034527012249
60,-1.6520792913355364,-1.8111142530103765,-0.8044926604889762,-0.617467695384867,-0.8541966556920645,-0.188117444269974,0.14161842146405615,1.9580238679106794,1.0706225745094748,-0.1840884941809877,0.11859172107843015,-0.02248967416806465,0.9918485928424181,-1.8023723158698062,-0.43873090688850497,-0.0722307322652354,0.3893255629223369,-0.7263534775849284,-2.470826886754734,-0.19132446533010639,-0.05014636706905175,1.7175070462063091,1.1532816154926746,-0.8722223472219542,1.7619988365543486,1.894242689441763,-0.09266116722511586,-0.4831981094122172,-0.3303218894087222,-2.9338545353703473,-57.991096262387664
61,-0.4308275281892433,0.9570732924200274,-1.820082873853611,0.7434528044488431,-0.8180222515347009,0.4285814448288022,0.10455290941542132,-0.2833489261560042,1.3018456395727769,-1.426744837887086,-0.773542573933346,-0.32209218989906535,-0.6706986825734451,-1.401277734690532,-1.0031175003897557,0.6596463175672932,1.5323313805039505,-0.6483869009742811,-0.5608199606230303,0.8067125957336111,-1.0997296273448876,0.7477396046164348,-0.7357862093455005,1.2881671196924942,1.98478914712657,-0.24406931492746048,0.7357155405915136,0.1672000269545897,-0.6191019832566047,-1.1903122417674212,150.90679119547258
62,0.032885968257893645,0.21537405696320863,-0.5311838871988128,0.2843731918227572,0.40264071598334755,0.41257872215990116,2.0990588196241236,2.465841039743499,-0.1381555508289548,-0.0059478600480220795,0.11588765078374932,0.23114040624620916,0.41587979576327455,1.0887290010715538,0.6817131247453231,-0.18750449378523112,0.2916236576131967,-0.5940808315710924,-0.9262380888633055,-0.29281314230440253,-0.620054463344146,-0.48761820056901434,0.2376042085085518,-1.155348369168441,0.39636656945160875,0.45726022254015214,0.7469161162962602,0.3632923704171631,-0.5264018310011751,0.2992758384437269,78.17156533289688
63,-0.7978911793378499,1.356228690617119,0.7250336132355447,0.6334165589573265,-0.9883751637354405,0.6243321015089249,0.06234247129727046,0.6291458589115952,0.8153137099018252,-0.8368726617101206,-1.5034904888288871,-0.4406191847253764,0.35020918329553574,0.007294513452593373,0.6557698481753692,-0.3959537983911904,-2.4115192156812713,0.6502901749496043,0.17470147342842282,-0.8564443474693046,1.1494822145222388,0.30903600667664943,-0.5634987639086211,1.1594189396635002,0.1434895363040423,-1.2913162019715185,1.5315823835526963,-0.40303019884541574,-0.9241263061100861,-0.2246312791958337,81.94189175086326
64,1.5837730860531296,-1.5358053561594625,-0.8739868134728679,0.45462294706852663,0.750484815958199,-0.46191772807190884,-1.12642513253851,0.6344128307762816,1.1957447818580658,-0.47848655258391787,-0.11818603023333762,1.8444127503118521,0.7444552857291805,1.586882862815448,-0.9831785304954802,-0.2472580771054316,-0.6210893652735839,-0.06557816052917885,0.936986416049261,-0.4767962659410151,-0.3348658283722478,1.2799533447782634,0.7216971245702668,-0.4536172217625242,2.3586297534403973,0.4111716000509502,-0.02546345402668904,-0.5873827593167578,-0.1732844904881484,0.671568868154235,390.85398224494566
65,0.6863158845840259,0.4673991109860452,-1.1282729537255358,-0.5834348997039,1.8617138019969182,-0.1619646552929711,0.1785284446147634,0.47194256049636624,0.2624243263261769,1.4778366730701769,-1.741750851267809,0.7692391477081439,-0.6648128964355251,0.5468294466312411,-0.5863274880088215,0.3994315001460254,1.2225021362478885,0.15461407485657971,0.8431511389335771,-0.6611654256054595,0.2729808313277679,0.32608491485767255,-0.896588658874411,-0.542492082110447,1.079970133378522,-0.1765765582966199,0.518825202116875,-0.625716787584821,2.7335959595148416,0.596329379094908,289.6185659346043
66,-2.032069184313276,0.38074323787967945,0.5311871633966289,0.0902514995857063,-1.81990231827498,2.17707943975803,-0.47186930525509496,-1.6079421773522131,0.11107749618272994,1.3049718687585905,0.47800208068058425,-2.5128695440985975,0.3390774385433913,0.1044268454661025,-1.1966709089443146,-0.8677334262880607,0.6622933946088845,0.7765013868469908,0.12202683470925135,-0.23016321502693934,0.8069107710157544,1.6048579772333418,-2.1964941565971148,0.827331482474369,-0.9890733160952837,-1.0947938636659122,-0.05330828357262548,-0.8047705519139025,-0.5780198422578464,0.016171686078742583,10.835354836688595
67,2.6083951199725837,-0.47107533958958336,0.44161702559426075,0.34567639057946,-0.6468634673973452,-1.6301176755590558,-0.44389632018693537,-0.2598121512904562,-0.2611624977470574,0.929264793989586,2.035261272803183,-0.19736725870991448,2.061710627525005,-0.1784451136108116,-0.08440849027727648,-0.87505584232432,-0.48122503810499073,-1.2867513043105634,-0.2775595504721259,-1.222570045796872,-1.7204442354515008,1.6591715513056782,0.5744824886245666,0.3180130456096611,-1.2822287882492567,-2.8661363702616556,-0.5435404130451797,-0.6873415993836003,0.4087550278065079,2.004025628897812,17.404162065510377
68,0.7531223970857329,1.0264276214459376,0.13298683495596259,0.739739259019625,-0.3378849849669334,0.5475591347866556,0.6005597523396292,-0.23420081213114582,-0.5792836207934915,1.1462709016776311,1.045880449083016,0.5357910433107161,-0.9282026970486036,-0.10790042420207396,-0.058228739962281145,3.088523201425635,0.6571603448453928,-1.2682024588569898,0.7318863412489444,-1.3114145443893186,0.7429139337879032,-0.6201165116549006,0.4224768785060353,-0.5462270112025835,-0.8992714214122586,-1.6795379357430111,0.9370905453835926,-0.48566465865312036,-0.16698486917741964,-0.6913181833317128,46.439662160471414
69,0.7872059561247468,-0.18771353079352368,-1.249857095357016,0.42788210483006817,1.7817685204162685,-0.4857510054425888,0.8911396361942407,0.29534590605569766,0.9967229183192283,-0.5739783448195245,-0.20794893900371972,0.29217800488311274,-1.9277730921344773,1.2313103636369571,-0.4683337769795269,-0.7958300420819151,0.5691768712063806,-0.17821364410498367,-0.7688715891527642,0.6608893854537874,0.4000645161719452,0.6922123946932929,-0.2410338726609178,-0.3303282336753276,0.6806672893000484,-0.8918850698727927,-0.47815088910536857,-0.6299997434039265,0.4242575079727802,-0.9228733255566286,-215.87203215251884
70,0.013565661293856593,-0.3830009212965899,-0.24959049502875616,1.251148103980662,0.5951623740667974,0.4298243825598805,1.4269079382502432,0.4047318065458009,1.1106167133456601,1.9440184304374315,0.08984216763587208,-0.8758398477553663,-0.20254592935243845,-1.733070355296957,0.9104266026480422,-1.5364402577128613,1.5198550771624555,0.496266515680064,1.8165220316455983,-0.12324922137832715,-0.624448151465223,1.1460404111322018,-0.31787668358298177,-0.7769948274252084,1.3434016662488628,-0.7635748659136593,1.671863616256942,-1.0085982266445432,-1.0547741125101993,-0.19564229897288904,-15.198500844648777
71,-0.3449387790362904,0.04278721483419715,-0.05143877184354322,0.004925597089151239,-0.7849531874149429,0.09252900527274546,-0.9918103317442885,0.2994687841706059,3.2097295498505383,0.6429380174082014,0.3964348019944971,-0.3362945173734931,0.9263413866065567,0.6687845091987177,0.5734858652914558,-0.2378007911877477,-0.6342410206836279,-0.6903024878401686,-0.02126968768134324,-0.8444653083992967,0.5445106530365368,-0.770814073631899,-0.880373422730693,-1.9630835973773793,-0.49878410759709424,0.3834446049505311,0.6413166889485195,-0.7491252766378957,-0.8860126852099787,0.5819297190625096,-148.91204059536267
72,-0.5382755752461786,0.7711549614194205,-0.0036299484176734557,0.12306229019164644,-0.2736242912207376,2.0206918058673087,0.6459718766503469,-0.14884628453823395,1.2376058505075953,0.049427406194174246,0.5663468051531273,0.8401467785018336,-1.0195846066629008,0.11749437059962055,-0.7191908098337109,0.8443702216870616,0.5227944025136897,0.895405371048047,-1.034755328104783,-0.16848125237892678,-0.8669955950456557,0.5782897104728302,1.5085345977398559,0.35074059236249217,-0.11449517341533265,0.47531370879718476,0.1336951581391365,-1.0417916087587293,-0.26344231759074366,-1.137604608988297,467.3945196307588
73,0.08197723289582297,-0.9074579639645657,-1.8428605205005397,0.6659599142134393,0.6534871888207239,-0.4590707396576568,-1.060074759959393,1.1413733595165632,-0.28743347427649085,1.0704860263504463,0.18988471713213326,0.36391934680377463,1.8976441112638542,-0.39438350359856483,-0.02148609175656133,1.7401289579602932,-0.08499657301195102,0.6518945975757187,-0.8412219806568161,1.2170432185042586,-1.9075801955911196,-1.5413229272398812,0.40864685989554433,1.0538143235629749,-0.2956511069198735,0.2917444052889769,0.2329643353268406,1.217905546567092,-0.17911962817402083,0.5490148208907027,347.7557445194956
74,-0.3319887304364854,-0.947691975604956,-0.021468404032586413,0.021290540102973533,-0.5517013267694754,1.4174671435894157,0.19099282940195852,2.66832932959673,-0.054835076368904535,0.5165153621996635,-0.2549964214988428,-2.3248751759451345,0.3468013435260717,2.358369023324511,-0.053892874528994966,-0.2176157474929587,-0.03934684627167093,-0.07381520360838306,-1.1725779524241193,-0.3001600151925662,0.7807425152228157,-1.20143226771593,1.600920016377552,1.629146203753426,-0.24816830562616396,-0.6457274231660242,0.15162481511635048,0.8548398815509252,-0.48930826235325137,0.7843477430335621,78.757782070051
75,-0.8871801278669997,-0.4732931487531818,-0.6907299928731075,1.4437596056605169,-0.2420965485899781,1.2187662777246329,1.300149778381571,1.4214202644551894,0.7597967611304639,1.1124202623274035,1.144254532392436,-2.2357703475576876,0.03223425759151763,-0.8910395007462347,0.7339649794675593,-0.3254679913126618,0.9150979149847839,-0.131906507558803,-1.0648479551863594,-1.9933390843230159,0.8556435488364474,-0.7121668834940837,-1.086441724116473,0.6619516631985278,0.11852253652572385,-0.27359936757612496,-1.0987652958747773,0.9157885725928862,0.3352550450971688,0.640663072229378,77.78313995057042
76,-1.481639489042387,-0.46200509494516606,-0.04848675162523408,-0.5463456703565758,1.1867853167899407,0.19337200981761968,-1.1163041718439979,0.7143659827835575,-2.2863808940226726,0.8763079501283793,-1.1713796851159444,0.3699508854023376,-0.5877482453476682,0.15532125003362035,1.967959644151118,1.3870919944335136,-2.152868877958578,0.33616031329974977,-0.132284601852859,-0.7078411713324926,0.25226384709574445,-1.0270110798553338,-1.685013181512749,0.3368295314719063,-0.5967439378034866,0.7301125594050079,0.4663110878681745,-0.18806929982878967,-0.6698832658977473,-2.4857898033916808,-430.35873523505086
77,0.6907384345819666,-0.0006497195337468883,-1.4734542926126317,0.9508595551063909,1.0405738441162373,-0.2698318470147763,-1.179586004287574,-0.555533811212859,-1.58626333397178,0.5238927206674854,0.10681983301589015,-0.9890886575549455,0.8179385271422464,-0.19500224246756803,-0.9793066167147303,0.5309139737837983,-1.2844397395156995,-0.11027336825330332,1.171193353060345,0.9361252608363194,-1.4091683085415296,1.3698662504804113,2.216494275716622,-0.42402178907286736,0.63880282968244,-0.16645672621914953,0.741475118599958,0.7472808394359418,0.8181171684914101,2.029255184392652,365.4731328205395
78,-2.253197810276019,0.3326056732888486,-0.0033154499234072884,-0.7059187267201701,0.5524986509283627,-1.303285200289719,0.09585396518058523,-0.3571230498004782,1.3032467511038521,-1.032135989670384,1.8282105050582276,-0.9391053923156168,2.5450226415956605,-0.5915775906957559,0.23299907371532735,1.1186203308733629,0.43183794934566755,-0.8583643846947221,-0.3020892339592523,-1.7310523055991585,-0.24590898944015896,2.51649637594374,1.5883206634321507,-0.1031737696887412,0.21654936550769052,-1.349778195746106,-0.5675594606595284,0.8610763672613162,0.8779934909791747,1.042456631955756,461.35053035704004
79,1.585981850105906,-1.7508315713127796,-1.503131140408689,-1.4983909519281646,-1.0355999348540232,0.11968139459337268,0.4161548821831656,-1.0326265146257139,-0.8271353111802711,-1.4161452374026413,-1.2595689427741434,0.5020586861875981,-1.1340619272432557,1.4390740054256432,1.4001821810074548,-1.337395565107505,0.916024805371304,-0.02685839465549885,-2.1092290238062894,-1.1527163993944805,-1.6378065840948692,-0.5638061904526445,0.9985906979641023,-0.9486531542362149,-0.011521578826345708,0.6128553582671515,-0.28055798071185745,-0.7068756868199375,0.1253036615973136,0.7316912782028737,-490.6345185803053
80,0.8754150614248158,1.1231014200872333,-0.48382822584875507,0.4144488640486252,0.15502566690218686,1.2305608588798302,-2.208266204463653,-0.33545727943983555,0.28859052850803324,-0.8559774033766805,0.2661227400026915,-2.089715863607519,-1.282515307113321,0.41840218519531935,1.457904023572505,-1.1616641535399577,0.16038536247878757,0.9033851147090718,-0.9138599712497771,1.2439256782488668,0.8689947156343354,-0.5877181881247842,-1.1259365378202777,0.7497834502184569,-0.699233206909,-1.6519349661545746,0.2872646626535364,-0.9212291054360396,-1.9939901530500483,-0.5907781353821202,-489.83270605137955
81,1.431304301461258,1.3111668670783063,-1.2419356641855037,1.2499221293561258,2.023936960612964,2.08449470722252,0.26622735559888744,0.396977020105964,1.0158769852189782,-1.4172278126785,-1.0105925159931524,-1.902869803189094,0.8646329933131938,0.47764438488067074,-1.1103071605004853,-1.3277941998553062,1.5892715244244304,-0.8256594707325265,-1.6915428382007067,-0.3228368834813049,0.6372308109162647,-2.266400460611227,-2.786448553303799,-1.8532667237204465,1.6038942822183335,0.6451076264182647,-0.21711118965100795,-0.2970367537186813,0.16369742041040256,-0.6174431169867823,-250.75162367088114
82,-0.6727233619254999,0.9392778564605849,-0.4238573876763251,-0.767068392226728,-0.3606368087142574,-1.7807033282593063,-0.20073973386580907,-0.09326107907880453,1.085291864358861,-0.7822080271245109,-0.6544715602618575,-0.26460362464095466,-0.8297203834437394,1.5145871829273088,-0.2247038861548245,-0.6106853538861076,-0.3292799033555942,0.2907975916786944,-0.10618130664643528,0.10235360862991931,-1.078163957460611,-0.3246679675881426,1.2483233535217129,0.2610621795276836,-0.1744567857453522,0.9881093805717975,1.7811997803001312,-0.3736894895429184,-0.5783939229192864,1.2727775759937547,-61.333781573400415
83,1.036171695871754,-0.1337796996979483,0.1231241515485334,-2.4368948313399645,-0.1696001968478289,2.214280952150904,-1.302035480151385,0.47051281861738764,1.0073165366699801,1.9197679878203748,0.9036408102635815,-0.38078089063518417,0.6325412863838605,-0.31968797314700687,-0.4603135010532881,-1.3428847173385137,0.40640802947237287,0.6114506881127495,0.5427937856209754,0.6390043685011267,0.9414778083940907,1.6271247441739054,0.34609736459935797,0.5575685586139566,-1.9620247104021988,-1.348240460237166,2.456812528375702,0.17169969894156045,-0.7826880153332294,-2.2108651277002815,-95.80680867880815
84,-0.9223539080872108,1.8006519362309101,-1.7871404468416876,1.1479537529944634,0.41125122218809307,0.20477879016838474,1.3171673687430396,-1.1244610835808853,0.677767499999595,0.30688567300770536,-1.7324581859184358,1.9132696471810084,-1.0038618185505153,0.706079400343259,-0.9322511888816809,0.21624944939391072,-0.5191667193362629,-1.7289211306157233,-1.842729030906113,-0.45984452901059336,1.1298810038391485,-1.1130007248039633,-2.060765090355476,-0.13776455991894312,0.41412649474140967,1.4407844437110569,-2.167212891432757,-0.8696292556193876,0.9270835623411877,-0.9246598226634465,45.52228572345527
85,-0.039595077871294786,1.6467654345370473,1.798279552473054,-2.050646133509292,0.6691641257174645,0.04082851381830579,0.9478550743773616,0.5115902183410748,-1.3725901981707882,0.9773034841428583,1.2328627019189315,-0.16509941590307983,-1.5703530783129378,0.6030015272211054,0.9702125179612501,0.21360522901579265,-0.4405342364253743,-0.5965104160800164,-0.3125638391319145,1.269729278848062,1.2915224619223207,1.5253408147769603,0.46602974603014163,-0.6238295185945386,1.4763937107357052,0.7826637482311161,0.4411431350931151,-0.20716748512107594,-0.9583524299907767,0.29679688738082727,50.47599038872302
86,-0.8475287699105893,1.1873498900121857,-0.9710972634285914,-0.049060198188984695,-0.5256273802428867,0.30167702475462577,-1.6594178281701004,-0.41234525087920215,-0.7739689387562986,-0.8665483071476148,-0.3218713559871736,-0.6019210101043765,0.08133488546086522,0.11938931374159849,-1.3065389379252812,-0.977789962829707,-0.3232479564356672,0.6471220319630399,1.5262462863874275,-1.6603770423995823,0.2662545967547856,1.367415204430992,-0.5503545027139446,-0.746002197282542,0.2734905657748735,2.4413109794481085,-0.9300085015064415,-0.917635678117814,-1.6391984780836317,1.1077614518270893,60.04082607837727
87,-0.7445667082486118,1.2424876630251251,-0.29878687016248956,-0.08691459269316977,0.8215171592905698,-0.6320854285009722,0.29680037705278967,0.7211144763476982,-0.1200733194710444,2.150545695044587,-2.2703680614104305,-0.36903735393224557,0.8984733830070678,-0.521121290109382,1.2187879492383924,-0.8096366645233354,0.741898299301506,0.4829119569401142,-0.4763398909188222,-0.4234660772022363,0.15649377644525136,0.35037184273188554,-2.3929399684307704,-0.15138940271674184,-0.7654137658271336,1.3301387973738918,-0.16034650474263798,-0.7118276006510602,0.04338384335364932,1.223906048480808,72.44132190500886
88,0.49399391879411547,0.2280443682565096,1.4409325150311925,0.3092843375276168,-2.0831645835717807,-0.7744502667013676,0.01959303772827336,0.6646262939789974,1.561138397745727,0.41290431097134295,0.6343343953647752,-0.08035105895746432,1.377142958249783,-1.5433894123047442,-0.07109831310709432,0.5872180254917647,2.6038090129572122,2.6637761620915454,-2.5497855405089296,0.6829793244878203,-0.7446193466240304,-0.20946847126065543,0.6955543575047457,0.21047431610581133,-0.2662897970494832,-0.6821719515891561,0.45218010099325734,0.7321367271846595,-1.698912255681982,0.6530628438698357,302.8973675406704
89,-0.11118817618276325,0.5240512836270584,0.8584796759773328,0.6845485599698949,0.9403136013389675,-0.6760589600412372,-0.34270560749359746,0.2990210910004435,0.5922691848540546,-2.5915224309973635,0.9308954608901718,0.2470834183672366,-1.5892143255734745,-1.8098203522118315,-0.28291902362257615,0.08202940494533292,-0.6095744706871785,0.09401887998419182,-0.5347227416977254,0.06557455827429122,-0.19853902795760406,-0.283716967695859,0.7896265777083713,0.8176296717731207,0.5722790840797244,1.4247196344638187,1.9552748051731488,-0.34700103804834714,-0.3821510493444584,-1.45310929498119,-89.14625903377738
90,-1.5562674030976291,-0.07827100478022166,-0.20232037803534905,-0.11932500750088665,-0.6189840331386086,-0.04527590570853805,-0.4660367981089041,-1.8648483092433927,-0.6909246808532623,-1.5014478007991838,-1.2206102343618892,-0.01674863833940402,-0.41110470855877695,-0.33627990265258934,-0.1252338215436696,-1.190571876623721,1.5316186144400061,-1.710695507235584,-0.4304025898173663,-0.4577923752737016,-0.5092614840415959,0.22051699012903095,0.30181658841536263,1.5184712488904302,-1.146817022429263,-1.2885965676082336,0.3227069248138016,-0.3584668322583052,0.40728486031438743,0.2953657206775579,-344.9745360198323
91,-0.5332899082721768,-0.6971133992019258,0.756173859898903,0.19854743563577787,0.9439076011820767,1.12153351812797,1.9591266916745775,0.005347967094093719,0.17435564321536734,0.2863698896712537,0.5027605760662764,0.38273855529485523,0.5372214249041998,-1.6940816340302867,0.6512082498962712,0.2355439215376689,0.2923514401536788,-0.10521172053509252,-0.746539170142638,-1.5198122048067297,-0.17436263062969842,0.7717035184670457,2.7723533488211958,-0.11662755324797383,0.39138373028492607,0.26285633982749873,-0.283380165274274,-0.04686472410603067,-0.91534076264944,-0.5606966484632104,249.12406182342852
92,-2.428320205243923,1.6707777178249883,-0.46546595813642055,-0.19412257969948946,0.5689379950918315,-1.0012228559273768,-2.2447795358666105,-1.061869603687601,-2.7383005080773293,1.086570682399443,1.2928199910079121,0.058188151940140535,0.2547596301338356,0.3331848590003796,-0.07835504236838878,-0.07098005026909453,0.3232087328411494,-0.5052590217065281,0.28584822775151736,1.4574714362741492,1.0861027274674382,0.3174474477299473,0.5246418080728312,0.6292130744818899,0.5345509628801727,-0.23996731756677114,0.503904136356928,0.7673099916279486,-0.5507327112257698,-1.9811806286250728,-112.45294205297226
93,0.34361879441984666,-1.0627500717301586,-0.66523459890623,1.8584970063353778,0.751955057312753,1.135481716653897,0.3402698646517095,-0.2806157358495926,0.98364148898176,0.12963934181241285,-0.04284441548524628,-1.5434761201026646,-0.7310861941793246,0.39726411027631603,2.050059673005514,-0.0377633388206387,1.7721631737778267,-0.6193240334695016,-0.7777292840046041,0.6775354841176111,1.74107224391331,1.0228209749417312,0.08803761821055142,-0.39434776398705035,1.3533156238804713,-0.7252352405203205,-0.4565241182009594,0.005443205626881797,-0.08829298550183402,0.9058262438457182,104.30943543635425
94,1.3229151806968629,0.5478273899215957,-0.31872283030979465,-0.05868074333472506,-0.4400450019585373,-0.0976714628992736,-0.8521943053634563,-0.6696561672975317,0.01906502590611309,-0.12645782359590507,0.8746291214623675,-0.7389824142289211,0.6987841617212434,0.19982696448216755,-0.7520977807616781,0.3051098834757755,1.1318327460848914,-0.22267683305190594,0.8295739031752739,1.3301954765763302,0.08860242444778949,0.0530687887949521,-0.2970648423831436,1.070028653975913,-0.6861362053314058,-0.12243436733843158,-0.18892531163268594,-0.6963883047662094,1.190559885744135,-2.4004462565632463,65.52972831933283
95,1.7136659462159531,0.12490802970702729,-0.10176277031297086,0.17624376880679218,0.24595727092554232,-0.15745404958735862,-0.5277123840568824,0.8790203547100186,-1.5111338512649017,0.6167918780355011,1.7279796217286325,-0.5404620404555806,-1.019568692414527,2.3707724311897085,-1.24723491429088,-4.041662209166408,1.6035698792107813,1.7668607406127235,-2.919215461049922,0.1002404102744168,1.6385902025759205,-1.3703380887184513,-0.3050540993411332,-1.6803651337744847,1.5095291745306456,-1.7916847180022406,-1.3600585122015942,-0.17185721898500125,0.2594522142142315,0.4950365672071116,-510.6351927080225
96,0.9528430649393017,0.26526209688622954,-0.2177504130717196,-0.4144112602371058,0.08397163473018199,-0.775413587824513,1.245050463208858,-0.39484501513537734,1.4879143568127684,0.46435842859652704,1.564995487210794,0.6624831760793444,-0.8859169562057962,-0.2905885386051579,-1.67563211755041,-0.712956598478051,-0.0767445013359799,-0.23820755489178963,1.041297222969536,-0.19024828047354117,0.1258432617806334,0.4378016797500591,0.7879875132982884,0.047464998391453954,1.1516020735149073,1.5276445141310353,-0.5237328984580656,0.6609431205533172,-1.4280768981403478,0.6741294487903573,145.58892575819334
97,-0.44211773181087033,1.132060842056164,-1.0298128558374877,0.6612501011607507,0.5751693803130856,0.9953814346194061,-0.10518950166264185,-2.2659154714340355,1.3387975525818532,0.5992475000921011,0.8723554753381967,1.214116398836114,-0.09539616961402941,-1.8415872623457852,-0.06672029969939305,-0.05863246531355781,1.3899949458924405,-0.9149273871579594,-0.8879342537233754,1.9649505353485828,1.0128600858102308,0.08561206582154149,-0.371258966724328,-0.6900120352762151,0.06780386646617244,1.5306038714444519,1.245364085432551,0.15775183448523816,-0.13297330910159197,0.6905320370396456,306.154526142249
98,-0.6397171078626508,-1.7688811154220658,-0.7959680255994269,-1.0728178186815307,-1.3892145905373217,0.8291355646320036,0.8288056469951373,0.09125638210192666,1.5100620269024367,0.553160100689987,-0.4770214609666229,0.46246634996228014,-1.3138305577084919,0.5690464148855622,-0.9391769630343438,-1.4914788442827012,1.0921794163632557,-0.4365709878043014,0.155242296390568,1.9464268322582396,0.7784258536644151,-0.20039533906527893,-1.2752045839673607,0.6245342084967063,-1.3814792315680908,0.31413784649783144,-0.23209719442824114,0.09285172238839975,0.9887414048133091,-1.0955615299337558,-307.88204780658907
99,-0.4760006622142265,0.7314715301836057,-1.12193265222508,-1.024204978319006,-0.4883937654886195,-1.329517209459629,1.1280797190997782,0.8235082717004526,1.257029380916057,-0.3621235873579943,1.3417015756418658,-0.7416603584959495,0.45613073716123487,0.23799701539438317,-0.2685279063062819,-0.045907374887520586,0.4648735431821772,-1.7098860203433959,-0.88128519048736,0.8448861479170708,-0.3353640056252947,0.6273431045015788,1.8156502954903797,-1.9305679598869536,-0.6556452674767183,0.7235685941630539,0.046409628614413535,-1.2980107293341507,-1.2837821009936063,1.6468136647516114,-125.83336504312328
